Label,TRACK_ID,NUMBER_SPOTS,NUMBER_GAPS,LONGEST_GAP,NUMBER_SPLITS,NUMBER_MERGES,NUMBER_COMPLEX,TRACK_DURATION,TRACK_START,TRACK_STOP,TRACK_DISPLACEMENT,TRACK_INDEX,TRACK_X_LOCATION,TRACK_Y_LOCATION,TRACK_Z_LOCATION,TRACK_MEAN_SPEED,TRACK_MAX_SPEED,TRACK_MIN_SPEED,TRACK_MEDIAN_SPEED,TRACK_STD_SPEED,TRACK_MEAN_QUALITY,TRACK_MAX_QUALITY,TRACK_MIN_QUALITY,TRACK_MEDIAN_QUALITY,TRACK_STD_QUALITY
Track_1,1,2400,0,0,0,0,0,299.875,0,299.875,4.931,1,434.966,344.602,0,0.112,3.597,0.003,0.068,0.217,349.179,410.529,281.278,350.744,42.516
Track_2,2,2400,0,0,0,0,0,299.875,0,299.875,4.916,2,1039.111,478.620,0,0.298,4.543,0.006,0.242,0.287,168.614,181.910,138.543,168.345,3.697
Track_3,3,2400,0,0,0,0,0,299.875,0,299.875,4.417,3,441.928,873.630,0,0.315,5.029,0.006,0.220,0.366,276.768,289.513,245.770,276.472,2.883
Track_4,4,2400,0,0,0,0,0,299.875,0,299.875,3.815,4,415.300,498.981,0,0.115,3.633,9.569E-4,0.063,0.233,523.712,549.357,478.610,524.306,12.457
Track_5,5,2400,0,0,0,0,0,299.875,0,299.875,4.564,5,108.187,523.166,0,0.092,3.504,8.888E-4,0.060,0.190,409.704,438.351,389.169,409.834,9.955
Track_6,6,2400,0,0,0,0,0,299.875,0,299.875,5.091,6,972.600,533.598,0,0.104,3.330,0.001,0.069,0.196,559.534,581.724,504.117,557.510,11.413
Track_7,7,2400,0,0,0,0,0,299.875,0,299.875,3.983,7,63.203,570.594,0,0.294,43.180,0.005,0.153,1.308,239.748,273.508,206.664,239.531,4.041
Track_8,8,218,0,0,0,0,0,27.125,0,27.125,1051.096,8,782.968,601.392,0,38.854,81.199,2.419,35.951,11.930,317.341,406.127,228.105,317.722,41.361
Track_9,9,2400,0,0,0,0,0,299.875,0,299.875,4.034,9,585.645,652.352,0,0.084,5.079,9.411E-4,0.050,0.236,484.391,535.947,458.793,485.248,17.163
Track_10,10,2400,0,0,0,0,0,299.875,0,299.875,4.393,10,307.025,687.859,0,0.135,16.397,3.150E-4,0.069,0.514,264.348,326.687,205.500,262.107,29.345
Track_11,11,2400,0,0,0,0,0,299.875,0,299.875,3.409,11,533.762,721.658,0,0.116,3.825,0.002,0.076,0.209,244.696,293.771,217.431,248.107,11.963
Track_12,12,342,0,0,0,0,0,42.625,0,42.625,1281.321,12,709.586,744.937,0,30.094,60.240,5.200,30.026,5.787,189.796,301.084,110.444,190.432,25.490
Track_13,13,2400,0,0,0,0,0,299.875,0,299.875,5.128,13,259.705,903.056,0,0.091,3.157,8.029E-4,0.060,0.189,661.227,703.312,625.731,658.684,20.082
Track_14,14,2400,0,0,0,0,0,299.875,0,299.875,9.589,14,1285.517,775.518,0,0.232,21.080,0.004,0.136,0.653,430.110,546.640,197.795,479.381,100.999
Track_15,15,2136,1,2,0,0,0,267.125,0,267.125,115.873,15,1214.706,937.014,0,0.678,74.164,0.005,0.156,4.891,173.254,275.692,134.614,173.321,6.451
Track_16,16,2400,0,0,0,0,0,299.875,0,299.875,0.982,16,1090.003,800.182,0,0.128,4.699,0.002,0.075,0.265,331.222,385.756,268.279,338.429,36.128
Track_17,17,459,1,1,0,0,0,57.375,0,57.375,1011.791,17,542.525,976.515,0,17.787,71.679,0.014,0.450,19.825,194.188,266.016,142.036,197.033,16.239
Track_18,18,2400,0,0,0,0,0,299.875,0,299.875,2.410,18,11.581,976.862,0,0.123,3.632,9.040E-4,0.063,0.241,492.061,577.601,422.341,486.490,27.067
Track_19,19,2400,0,0,0,0,0,299.875,0,299.875,4.325,19,848.669,976.243,0,0.143,14.927,0.003,0.078,0.524,228.656,315.132,183.992,230.311,7.376
Track_20,20,15,0,0,0,0,0,1.750,0,1.750,53.968,20,863.972,830.141,0,30.903,34.224,25.935,31.830,2.368,198.005,225.539,164.665,197.679,14.641
Track_21,21,409,0,0,0,0,0,51.000,0,51.000,1050.099,21,570.434,996.524,0,20.765,62.935,0.006,28.473,18.716,258.354,391.240,189.633,252.556,22.111
Track_22,22,2400,0,0,0,0,0,299.875,0,299.875,7.186,22,1071.572,1004.679,0,0.222,19.301,0.001,0.105,0.857,454.984,508.727,347.532,454.745,16.017
Track_23,23,2400,0,0,0,0,0,299.875,0,299.875,2.034,23,1306.505,846.725,0,0.174,9.516,0.001,0.089,0.397,344.915,416.480,281.108,342.167,31.920
Track_24,24,2400,0,0,0,0,0,299.875,0,299.875,6.071,24,1298.417,1020.733,0,0.159,13.944,0.002,0.084,0.530,579.175,636.954,446.788,573.792,21.152
Track_25,25,2400,0,0,0,0,0,299.875,0,299.875,120.059,25,767.370,851.394,0,0.586,48.804,8.557E-4,0.105,3.531,447.826,528.252,375.502,446.030,27.250
Track_26,26,2400,0,0,0,0,0,299.875,0,299.875,5.214,26,1193.644,1053.484,0,0.128,7.270,0.001,0.077,0.293,564.270,605.861,532.177,558.406,21.698
Track_27,27,2392,1,5,0,0,0,299.500,0.375,299.875,4.403,27,1150.680,594.176,0,0.367,4.900,0.003,0.263,0.412,145.990,182.150,134.224,145.521,3.114
Track_28,28,1133,1,4,0,0,0,142.000,0.375,142.375,506.842,28,854.145,670.139,0,3.773,62.908,0.012,0.229,10.674,163.240,320.141,111.150,161.626,8.953
Track_29,29,761,0,0,0,0,0,95.000,0.875,95.875,298.768,29,27.314,840.319,0,3.400,46.714,0.002,0.118,8.843,235.854,294.160,110.763,243.452,24.343
Track_30,30,2396,1,1,0,0,0,299.500,0.375,299.875,4.775,30,24.862,851.156,0,0.297,36.384,0.003,0.081,1.785,377.929,477.051,309.683,377.872,5.846
Track_31,31,257,35,14,0,0,0,44.250,1.625,45.875,0.910,31,489.110,873.834,0,0.296,6.763,0.004,0.152,0.697,182.629,195.944,134.508,182.921,3.781
Track_34,34,107,1,1,0,0,0,13.375,2.250,15.625,418.707,34,1122.325,833.920,0,31.457,70.214,0.000,31.428,7.379,211.974,266.471,166.826,211.364,20.497
Track_35,35,119,29,15,0,0,0,27.375,2.750,30.125,0.576,35,315.436,848.997,0,0.129,2.391,0.004,0.084,0.245,232.755,237.569,231.057,232.674,0.952
Track_36,36,26,5,13,0,0,0,8.625,2.375,11.000,0.064,36,835.542,859.895,0,0.141,0.983,0.009,0.089,0.196,198.911,200.203,197.571,198.899,0.612
Track_41,41,23,1,1,0,0,0,2.875,8.375,11.250,140.099,41,155.773,858.045,0,49.213,82.174,25.799,48.846,13.444,226.310,323.159,187.408,214.656,31.642
Track_47,47,36,0,0,0,0,0,4.375,14.125,18.500,188.465,47,480.195,864.314,0,43.319,67.662,28.657,43.606,9.568,198.546,304.934,137.837,191.737,40.046
Track_48,48,2280,0,0,0,0,0,284.875,15,299.875,979.729,48,923.473,782.587,0,3.568,55.876,0.000,0.085,10.472,482.621,707.135,289.025,486.371,23.119
Track_49,49,130,3,1,0,0,0,16.500,19,35.500,605.642,49,931.648,872.779,0,36.741,84.080,1.754,35.318,12.923,174.798,260.402,112.340,172.156,26.790
Track_50,50,69,0,0,0,0,0,8.500,22.250,30.750,231.991,50,123.821,420.742,0,27.329,39.294,15.112,27.783,4.423,175.677,227.177,142.203,174.736,16.792
Track_51,51,229,0,0,0,0,0,28.500,23.750,52.250,1330.703,51,638.645,783.248,0,46.849,92.915,16.143,45.067,13.567,240.910,340.333,162.724,241.291,28.520
Track_53,53,73,1,1,0,0,0,9.125,30.125,39.250,261.821,53,120.943,619.773,0,28.697,61.301,0.000,27.703,8.657,166.660,209.160,115.871,165.542,19.826
Track_54,54,293,0,0,0,0,0,36.500,31.500,68.000,1080.455,54,740.450,431.972,0,29.630,55.141,10.058,29.736,6.905,168.562,254.779,114.678,166.713,23.667
Track_55,55,4,1,16,0,0,0,2.375,35.500,37.875,0.028,55,315.480,848.461,0,0.061,0.160,0.007,0.016,0.086,232.588,233.105,232.150,232.700,0.357
Track_57,57,297,0,0,0,0,0,37.000,37.125,74.125,1330.767,57,642.223,510.820,0,36.031,62.608,21.247,35.759,6.516,254.468,382.684,204.117,251.338,23.083
Track_59,59,25,2,1,0,0,0,3.250,39.750,43.000,116.504,59,336.691,621.317,0,35.498,48.626,27.698,33.709,5.198,156.257,172.119,116.234,162.614,15.716
Track_61,61,16,0,0,0,0,0,1.875,43.500,45.375,61.702,61,450.642,623.100,0,32.941,39.759,26.983,31.641,4.003,158.761,188.190,118.717,162.684,20.695
Track_62,62,23,0,0,0,0,0,2.750,45.500,48.250,140.239,62,70.841,966.160,0,52.484,75.295,26.000,54.756,9.101,335.994,446.642,277.883,331.405,34.237
Track_63,63,29,0,0,0,0,0,3.500,45.875,49.375,101.265,63,545.147,623.089,0,28.993,49.765,7.112,28.238,8.991,154.324,179.279,122.259,157.366,17.086
Track_64,64,488,94,15,0,0,0,102.750,48.625,151.375,1.693,64,489.107,872.523,0,0.192,3.751,0.002,0.129,0.344,181.471,187.383,162.357,181.472,1.221
Track_65,65,56,0,0,0,0,0,6.875,48.625,55.500,343.844,65,335.382,971.410,0,50.049,64.963,35.085,50.030,8.404,307.229,350.721,210.112,307.300,22.367
Track_66,66,18,1,1,0,0,0,2.250,49.750,52.000,75.134,66,650.992,624.780,0,33.502,37.528,29.284,33.733,2.262,138.230,160.945,110.708,142.079,14.694
Track_70,70,48,1,1,0,0,0,6.000,52.250,58.250,194.515,70,100.263,757.890,0,32.531,57.679,23.777,31.868,6.445,147.225,270.969,111.121,143.880,26.185
Track_71,71,17,1,1,0,0,0,2.125,52.375,54.500,77.055,71,740.837,626.460,0,36.355,42.272,32.231,36.748,2.682,130.187,149.912,111.375,126.266,12.299
Track_72,72,39,2,1,0,0,0,5.000,55,60.000,174.329,72,880.743,628.339,0,34.574,45.900,27.105,34.233,5.106,135.113,161.795,110.710,134.369,11.991
Track_73,73,49,16,17,0,0,0,23.375,55.625,79.000,0.565,73,315.452,847.839,0,0.151,1.609,0.007,0.092,0.254,232.565,234.601,230.219,232.481,0.934
Track_74,74,53,0,0,0,0,0,6.500,55.875,62.375,311.613,74,695.370,976.749,0,48.030,63.725,14.741,48.557,10.184,308.588,379.973,231.755,300.529,28.984
Track_78,78,25,1,1,0,0,0,3.125,61,64.125,91.748,78,1044.019,632.371,0,29.155,35.285,10.891,31.363,6.439,124.528,142.245,110.968,124.466,9.939
Track_81,81,25,0,0,0,0,0,3.000,62.625,65.625,212.422,81,971.879,982.141,0,70.854,86.085,57.485,71.549,8.978,274.259,310.273,223.185,275.890,16.928
Track_83,83,409,0,0,0,0,0,51.000,64.625,115.625,1330.581,83,662.740,995.043,0,26.296,66.551,0.000,30.740,13.413,620.487,907.587,271.535,624.391,33.049
Track_86,86,48,3,2,0,0,0,6.375,66,72.375,179.230,86,1236.933,635.312,0,28.025,45.897,20.800,27.049,4.169,138.113,215.206,112.239,134.058,23.533
Track_89,89,24,0,0,0,0,0,2.875,67.500,70.375,141.849,89,1259.952,985.569,0,49.389,62.323,28.807,51.195,8.078,286.078,317.011,250.718,286.910,21.075
Track_92,92,420,0,0,0,0,0,52.375,69.500,121.875,1330.734,92,655.365,750.990,0,25.447,56.820,0.000,25.660,5.754,238.052,439.291,159.249,235.509,28.025
Track_94,94,52,1,2,0,0,0,6.625,71.875,78.500,229.526,94,736.676,766.661,0,34.697,42.804,27.195,34.509,3.910,146.594,190.534,112.006,144.319,21.170
Track_95,95,788,0,0,0,0,0,98.375,72.375,170.750,1330.713,95,502.955,444.354,0,13.669,64.561,5.549E-4,1.785,15.119,389.211,613.781,278.814,380.520,34.039
Track_97,97,378,1,3,0,0,0,47.500,72.500,120.000,1330.901,97,657.387,428.850,0,28.406,76.023,0.144,28.888,9.988,280.233,390.705,112.462,285.312,41.741
Track_99,99,15,0,0,0,0,0,1.750,74.250,76.000,99.279,99,166.936,630.738,0,56.800,62.538,47.249,57.434,4.442,123.989,143.407,110.022,123.294,8.992
Track_101,101,36,0,0,0,0,0,4.375,76.625,81.000,159.415,101,83.871,435.974,0,36.549,42.608,21.457,37.765,4.696,159.714,207.418,130.047,158.576,16.931
Track_105,105,134,1,1,0,0,0,16.750,79.500,96.250,545.082,105,295.137,858.349,0,32.697,60.681,17.298,31.152,9.837,233.099,366.436,148.206,222.783,41.127
Track_107,107,280,1,2,0,0,0,35.125,81.625,116.750,1102.743,107,711.946,444.412,0,31.450,55.334,13.701,30.810,7.487,166.034,218.960,119.686,163.049,24.270
Track_111,111,55,17,12,0,0,0,16.875,82.750,99.625,0.109,111,315.431,847.609,0,1.498,36.848,0.003,0.086,6.563,228.944,236.331,173.959,232.872,12.129
Track_112,112,50,0,0,0,0,0,6.125,83.500,89.625,132.565,112,67.008,345.862,0,21.728,39.048,12.277,21.787,5.286,180.098,292.669,138.851,178.475,27.578
Track_115,115,1521,8,5,0,0,0,191.750,83.750,275.500,9.209,115,9.776,838.743,0,0.305,36.841,0.003,0.106,1.745,243.257,338.572,164.884,242.978,5.439
Track_120,120,208,0,0,0,0,0,25.875,87.625,113.500,880.403,120,425.923,763.601,0,34.122,50.790,5.200,34.214,6.332,199.812,373.937,131.409,194.741,30.386
Track_121,121,58,0,0,0,0,0,7.125,88.875,96.000,191.742,121,1172.607,774.272,0,26.941,35.126,11.698,27.877,5.556,163.440,248.539,113.414,158.557,30.556
Track_124,124,182,0,0,0,0,0,22.625,90,112.625,730.094,124,495.027,354.051,0,32.364,51.484,21.784,31.343,6.405,179.945,239.755,111.726,177.079,23.015
Track_129,129,21,0,0,0,0,0,2.500,95.250,97.750,73.577,129,888.846,644.091,0,29.526,40.272,0.395,33.935,11.913,142.847,184.782,113.349,143.624,17.721
Track_130,130,66,2,2,0,0,0,8.500,96.375,104.875,266.246,130,456.986,843.442,0,31.326,48.293,18.821,30.245,5.865,143.116,199.049,114.761,145.505,18.842
Track_131,131,54,1,1,0,0,0,6.750,97,103.750,192.449,131,131.091,844.154,0,28.236,50.797,2.322,27.739,9.790,217.499,277.501,167.359,216.647,26.376
Track_132,132,1404,2,1,0,0,0,175.625,96.875,272.500,178.311,132,787.001,868.169,0,1.367,59.622,0.006,0.249,5.891,195.143,288.581,130.335,192.518,13.209
Track_134,134,17,1,1,0,0,0,2.125,97.250,99.375,55.143,134,1295.600,785.960,0,27.236,72.546,2.699,31.272,17.501,182.001,275.569,117.919,193.249,42.125
Track_136,136,71,2,2,0,0,0,9.250,98.250,107.500,361.235,136,1120.697,647.689,0,39.679,71.180,24.906,38.694,10.352,157.711,205.532,111.978,152.791,23.689
Track_137,137,94,0,0,0,0,0,11.625,99.125,110.750,373.209,137,239.410,474.126,0,32.137,48.612,23.391,31.194,4.951,131.142,163.195,111.875,129.424,10.467
Track_139,139,1567,3,2,0,0,0,196.375,103.500,299.875,822.406,139,775.835,667.185,0,4.619,73.917,0.004,0.246,11.706,164.458,265.617,112.922,161.270,12.815
Track_141,141,149,0,0,0,0,0,18.500,104.250,122.750,631.123,141,303.355,692.878,0,34.324,60.408,14.615,33.292,7.150,225.513,341.481,138.180,224.995,27.247
Track_142,142,71,1,1,0,0,0,8.875,104.125,113.000,289.155,142,399.642,847.944,0,32.474,89.119,14.746,31.422,10.939,211.384,350.442,136.140,202.689,42.798
Track_143,143,31,1,2,0,0,0,4.000,105.375,109.375,118.963,143,677.130,846.501,0,29.991,49.464,16.288,31.055,7.593,148.370,184.088,113.308,149.136,19.177
Track_152,152,22,0,0,0,0,0,2.625,106.625,109.250,99.188,152,183.253,767.826,0,37.878,46.375,26.201,37.813,5.928,154.364,210.072,123.940,152.006,21.683
Track_153,153,19,1,1,0,0,0,2.375,106.875,109.250,111.765,153,248.094,1030.138,0,46.920,57.467,34.912,49.261,7.071,223.302,241.472,205.110,220.022,11.158
Track_160,160,24,0,0,0,0,0,2.875,109.750,112.625,125.683,160,391.656,1031.414,0,43.732,49.270,39.771,43.049,2.520,246.764,269.443,221.547,250.886,11.702
Track_162,162,78,0,0,0,0,0,9.625,110.625,120.250,272.879,162,896.621,849.658,0,28.527,52.982,15.448,28.422,6.335,156.007,196.086,123.618,156.492,18.420
Track_163,163,342,0,0,0,0,0,42.625,110.625,153.250,1330.817,163,704.699,633.360,0,31.248,67.555,0.000,30.721,7.429,458.863,516.914,197.410,465.061,36.446
Track_165,165,66,0,0,0,0,0,8.125,111.250,119.375,249.987,165,563.800,477.886,0,30.795,44.000,19.879,31.306,4.977,135.544,163.338,117.053,136.731,10.536
Track_166,166,90,0,0,0,0,0,11.125,111.625,122.750,740.427,166,375.422,996.637,0,66.611,99.380,41.424,66.151,11.661,254.710,358.040,191.753,256.424,28.598
Track_168,168,15,1,1,0,0,0,1.875,112.375,114.250,77.912,168,278.986,951.800,0,41.609,58.598,32.883,40.408,7.756,125.075,140.027,110.288,122.683,9.093
Track_171,171,97,0,0,0,0,0,12.000,113,125.000,431.807,171,1108.094,365.419,0,35.998,64.401,25.644,34.840,6.363,189.726,226.516,161.109,190.749,13.392
Track_172,172,58,0,0,0,0,0,7.125,113.375,120.500,198.011,172,671.345,851.877,0,28.367,50.997,2.603,29.701,11.276,209.022,277.708,144.271,208.449,26.224
Track_173,173,77,0,0,0,0,0,9.500,113.250,122.750,428.351,173,217.045,825.531,0,45.139,66.942,26.423,43.880,9.017,262.169,300.053,214.381,263.124,19.518
Track_174,174,100,1,3,0,0,0,12.750,113.875,126.625,431.989,174,1103.957,774.168,0,34.646,63.349,5.893,34.373,10.575,187.510,264.676,121.861,185.885,25.985
Track_175,175,44,0,0,0,0,0,5.375,114,119.375,259.180,175,662.032,1037.894,0,48.232,68.523,27.552,49.527,8.146,234.635,265.226,202.311,235.501,15.828
Track_177,177,23,1,2,0,0,0,3.000,114.500,117.500,99.732,177,489.401,773.274,0,33.627,48.156,28.980,31.975,5.016,132.639,162.206,110.844,126.257,16.964
Track_181,181,18,0,0,0,0,0,2.125,116.500,118.625,105.704,181,97.760,417.609,0,49.757,54.458,42.690,51.475,3.766,329.341,446.013,151.356,368.965,93.912
Track_184,184,300,0,0,0,0,0,37.375,118.250,155.625,1330.916,184,697.486,938.133,0,35.720,76.344,0.000,34.775,10.793,222.877,399.959,150.562,220.850,26.241
Track_190,190,25,0,0,0,0,0,3.000,119.625,122.625,173.513,190,906.685,1043.063,0,57.866,67.752,46.319,59.312,5.352,219.309,254.729,172.796,222.874,20.885
Track_192,192,21,2,2,0,0,0,3.000,119.750,122.750,101.412,192,759.641,480.064,0,34.000,40.375,25.936,35.010,3.676,129.734,150.376,113.247,128.090,11.660
Track_197,197,70,0,0,0,0,0,8.625,120.625,129.250,277.682,197,1197.154,858.062,0,32.935,64.058,13.687,32.426,8.684,180.118,277.802,110.180,177.299,33.222
Track_201,201,162,1,1,0,0,0,20.250,123,143.250,878.087,201,912.171,835.263,0,43.421,79.277,10.747,42.824,10.060,269.459,340.107,196.514,270.462,26.178
Track_203,203,64,0,0,0,0,0,7.875,123.125,131.000,542.541,203,1059.496,1008.465,0,69.466,112.684,16.033,69.188,17.359,269.558,342.758,155.553,271.028,33.733
Track_204,204,25,0,0,0,0,0,3.000,123.125,126.125,162.428,204,1120.661,1045.474,0,54.555,68.233,32.265,59.188,11.166,225.563,265.252,189.514,226.038,21.135
Track_206,206,151,2,1,0,0,0,19.000,123.375,142.375,493.845,206,1109.153,486.526,0,25.947,58.854,10.400,25.211,7.114,150.244,205.803,112.886,147.905,16.110
Track_208,208,84,0,0,0,0,0,10.375,123.625,134.000,438.477,208,953.802,705.115,0,42.283,81.124,26.316,37.081,13.377,191.217,248.301,128.020,190.204,19.771
Track_212,212,18,0,0,0,0,0,2.125,125.500,127.625,105.280,212,558.861,426.046,0,50.612,77.467,31.767,46.828,11.917,335.642,427.504,121.318,387.679,94.979
Track_215,215,66,0,0,0,0,0,8.125,126.375,134.500,272.853,215,139.016,562.040,0,33.790,82.970,25.826,33.109,7.507,237.794,289.434,206.193,236.138,14.066
Track_216,216,335,2,11,0,0,0,43.250,126.625,169.875,5.114,216,768.857,959.478,0,0.550,12.434,0.031,0.321,0.947,137.197,169.614,110.014,136.782,17.504
Track_217,217,18,1,2,0,0,0,2.375,127,129.375,74.006,217,80.952,931.991,0,30.879,34.289,26.779,30.883,2.265,238.405,257.664,215.271,246.134,14.551
Track_220,220,17,0,0,0,0,0,2.000,127.875,129.875,98.425,220,670.904,425.970,0,49.238,60.140,38.066,50.005,5.887,343.220,404.967,207.057,359.083,55.105
Track_226,226,21,1,1,0,0,0,2.625,129.875,132.500,79.222,226,176.229,934.571,0,30.319,35.997,27.403,29.824,2.411,232.055,254.419,200.642,232.771,16.607
Track_228,228,15,0,0,0,0,0,1.750,130.250,132.000,64.800,228,773.869,426.371,0,37.099,46.094,21.438,36.840,6.455,346.471,398.339,190.087,377.096,63.807
Track_229,229,23,1,2,0,0,0,3.000,131.375,134.375,99.205,229,1177.532,782.076,0,33.186,40.683,29.277,32.652,3.184,126.891,141.525,111.318,125.833,7.984
Track_230,230,15,0,0,0,0,0,1.750,132.375,134.125,75.149,230,855.473,428.256,0,42.949,48.591,37.387,43.695,3.309,313.171,361.181,163.718,344.607,62.263
Track_232,232,175,4,1,0,0,0,22.250,133.250,155.500,635.926,232,553.320,940.364,0,28.488,49.025,19.090,28.158,5.037,222.222,268.003,145.123,224.075,21.477
Track_235,235,57,0,0,0,0,0,7.000,134.500,141.500,172.602,235,1248.181,708.478,0,24.689,53.076,16.912,23.386,5.661,177.938,236.050,114.820,174.886,26.397
Track_236,236,15,1,2,0,0,0,2.000,134.750,136.750,58.013,236,1268.406,786.542,0,29.596,37.846,18.873,30.898,5.707,152.799,215.516,119.494,138.115,30.533
Track_237,237,66,2,1,0,0,0,8.375,134.500,142.875,308.793,237,1065.435,434.239,0,37.026,57.541,27.312,37.139,5.304,335.854,416.878,122.873,374.570,82.491
Track_238,238,195,4,1,0,0,0,24.750,134.875,159.625,737.634,238,638.151,568.810,0,29.626,54.536,19.803,29.148,5.529,209.510,283.881,168.375,203.187,22.488
Track_240,240,49,3,2,0,0,0,6.750,137,143.750,207.071,240,296.396,921.251,0,30.686,42.866,23.180,29.257,5.101,210.941,244.127,176.900,210.312,17.258
Track_245,245,52,0,0,0,0,0,6.375,142.875,149.250,298.500,245,156.331,687.680,0,46.998,77.069,15.612,50.564,12.283,232.983,300.690,192.983,230.733,19.951
Track_246,246,19,0,0,0,0,0,2.250,143.125,145.375,75.849,246,1273.168,440.717,0,33.877,44.600,17.408,35.644,8.174,347.218,411.291,156.025,378.342,74.842
Track_247,247,23,1,1,0,0,0,2.875,143.250,146.125,89.437,247,80.254,776.172,0,30.920,42.075,23.138,30.353,5.038,230.077,253.886,196.931,233.216,15.032
Track_253,253,25,0,0,0,0,0,3.000,146.500,149.500,91.738,253,185.416,778.136,0,30.621,37.051,26.139,31.233,3.042,239.370,265.064,211.682,238.497,15.362
Track_256,256,117,0,0,0,0,0,14.500,150.250,164.750,565.584,256,313.182,648.390,0,39.169,72.819,4.056,37.921,10.839,243.079,301.306,187.399,242.800,18.538
Track_257,257,105,0,0,0,0,0,13.000,150,163.000,535.077,257,269.160,678.636,0,41.275,76.896,21.076,39.910,8.548,258.839,316.031,198.068,253.934,18.753
Track_258,258,22,0,0,0,0,0,2.625,150.375,153.000,155.989,258,472.837,695.826,0,59.453,75.750,47.272,58.775,10.272,205.771,238.474,177.705,204.837,17.040
Track_259,259,51,1,1,0,0,0,6.375,149.875,156.250,211.494,259,360.582,781.345,0,33.166,45.797,25.186,32.477,4.306,216.656,266.697,184.977,214.115,19.120
Track_263,263,15,0,0,0,0,0,1.750,153.250,155.000,83.934,263,608.449,700.474,0,48.080,62.186,28.435,48.660,10.439,216.324,260.232,179.876,208.711,24.167
Track_265,265,41,16,17,0,0,0,19.000,154.750,173.750,0.101,265,488.918,871.653,0,0.134,0.675,0.003,0.112,0.128,181.771,183.086,179.949,181.759,0.661
Track_267,267,100,0,0,0,0,0,12.375,156.125,168.500,52.230,267,905.521,943.000,0,4.360,32.940,0.008,0.140,10.112,223.669,234.075,134.601,228.266,14.669
Track_268,268,266,0,0,0,0,0,33.125,155.250,188.375,1330.649,268,641.951,822.278,0,40.247,69.995,1.109,41.322,10.575,631.050,801.054,252.977,633.217,41.174
Track_269,269,28,0,0,0,0,0,3.375,156.625,160.000,209.753,269,842.219,702.387,0,62.170,89.538,48.365,63.774,9.976,186.712,217.837,154.789,184.083,17.912
Track_271,271,27,1,1,0,0,0,3.375,157,160.375,114.152,271,554.854,786.465,0,33.701,49.061,18.056,36.085,8.737,220.454,270.919,179.684,213.211,25.709
Track_275,275,31,2,1,0,0,0,4.000,160.625,164.625,130.475,275,1125.629,576.451,0,31.935,44.476,21.568,33.060,7.308,163.215,180.659,148.284,161.284,9.390
Track_276,276,61,1,1,0,0,0,7.625,159.625,167.250,241.863,276,117.575,658.573,0,31.991,73.641,0.000,33.404,9.648,144.811,219.226,112.686,144.328,17.916
Track_277,277,22,0,0,0,0,0,2.625,160.375,163.000,130.612,277,1047.372,706.058,0,49.782,76.187,33.823,43.906,12.829,194.713,258.409,150.664,190.955,26.248
Track_278,278,36,2,1,0,0,0,4.625,160.625,165.250,175.996,278,187.758,744.150,0,37.727,48.644,25.502,39.961,7.953,283.415,315.140,253.111,281.076,17.842
Track_279,279,17,0,0,0,0,0,2.000,161,163.000,53.106,279,664.615,788.764,0,26.599,38.486,21.273,26.289,4.695,209.963,234.028,148.089,212.735,19.877
Track_282,282,15,0,0,0,0,0,1.750,163.250,165.000,81.249,282,599.880,683.295,0,46.938,65.087,19.251,49.501,14.972,259.414,359.976,173.502,250.153,40.287
Track_286,286,21,2,1,0,0,0,2.750,165.375,168.125,106.246,286,1277.054,580.128,0,38.639,64.919,0.000,37.765,12.555,203.088,288.580,157.322,201.413,32.109
Track_288,288,15,1,1,0,0,0,1.875,165.250,167.125,75.436,288,370.280,659.342,0,40.265,58.239,30.359,40.109,7.016,136.504,163.039,110.629,140.305,16.510
Track_289,289,161,0,0,0,0,0,20.000,163.750,183.750,1017.045,289,511.011,995.571,0,51.020,90.548,10.400,50.359,11.452,319.636,595.630,235.547,315.617,38.706
Track_294,294,16,0,0,0,0,0,1.875,166.625,168.500,138.194,294,805.396,648.525,0,73.759,104.959,46.104,71.333,14.151,216.610,261.918,188.388,219.701,22.049
Track_295,295,24,2,1,0,0,0,3.125,166.625,169.750,110.524,295,915.262,791.496,0,35.233,45.128,24.662,35.288,5.110,203.568,234.725,173.781,208.115,16.324
Track_302,302,18,0,0,0,0,0,2.125,167.750,169.875,69.169,302,465.700,661.664,0,32.578,44.113,26.146,32.730,3.737,131.874,143.420,112.063,136.885,9.564
Track_303,303,17,0,0,0,0,0,2.000,167.750,169.750,62.947,303,290.441,659.181,0,31.518,33.602,25.702,32.169,2.084,145.718,192.209,122.304,143.784,17.296
Track_316,316,52,1,1,0,0,0,6.500,170,176.500,210.721,316,449.362,662.223,0,32.255,48.749,19.104,31.504,6.148,146.712,174.603,110.102,145.000,16.600
Track_327,327,19,1,1,0,0,0,2.375,174,176.375,105.433,327,735.001,749.157,0,44.409,57.872,37.845,44.577,4.209,271.710,306.849,231.935,270.434,22.888
Track_328,328,20,0,0,0,0,0,2.375,173.375,175.750,134.736,328,1265.877,656.911,0,56.774,78.395,43.553,54.720,9.243,227.422,285.051,184.694,221.625,26.982
Track_329,329,26,1,1,0,0,0,3.250,173.750,177.000,155.448,329,1255.817,947.598,0,47.988,68.995,40.674,45.689,7.003,188.746,229.444,145.217,191.139,20.727
Track_333,333,23,0,0,0,0,0,2.750,176.875,179.625,58.024,333,591.268,665.669,0,21.450,30.021,15.573,22.097,4.160,143.433,165.578,113.924,146.372,15.960
Track_336,336,60,1,1,0,0,0,7.500,177.250,184.750,215.626,336,118.060,414.948,0,28.762,46.177,19.792,28.048,5.498,165.023,232.042,111.602,166.219,28.023
Track_337,337,53,1,17,0,0,0,8.625,177.750,186.375,264.939,337,132.067,557.498,0,40.186,60.718,5.313,39.615,7.345,184.615,239.183,112.590,190.080,28.060
Track_340,340,25,1,1,0,0,0,3.125,180,183.125,78.261,340,28.560,914.246,0,24.728,53.323,5.297,25.843,17.186,291.424,386.615,259.629,287.069,23.207
Track_344,344,23,2,4,0,0,0,3.500,180.375,183.875,82.440,344,676.658,663.007,0,24.059,39.119,19.357,21.913,5.091,135.773,173.362,110.110,132.211,15.907
Track_346,346,210,0,0,0,0,0,26.125,183.500,209.625,1087.759,346,779.461,570.624,0,41.751,74.652,25.986,40.663,7.739,164.923,273.928,116.408,162.515,25.895
Track_357,357,120,7,2,0,0,0,16.250,185.250,201.500,402.721,357,451.408,417.863,0,24.803,37.783,16.586,23.550,3.918,158.336,251.096,110.218,161.800,25.518
Track_358,358,19,0,0,0,0,0,2.250,184.625,186.875,157.006,358,237.732,738.070,0,69.877,93.026,43.657,68.797,12.135,217.069,256.462,174.666,214.608,25.337
Track_360,360,7,2,11,0,0,0,2.500,184.625,187.125,0.004,360,488.838,871.571,0,0.090,0.211,0.014,0.105,0.081,181.734,182.517,181.150,181.608,0.440
Track_365,365,76,1,1,0,0,0,9.500,187.125,196.625,501.513,365,598.883,746.316,0,53.417,76.560,28.304,53.517,10.599,199.919,254.362,143.126,198.251,21.751
Track_367,367,75,0,0,0,0,0,9.250,187.375,196.625,480.974,367,608.342,734.627,0,52.106,69.650,32.748,50.875,7.810,160.379,234.568,114.310,158.287,27.904
Track_368,368,16,1,1,0,0,0,2.000,187.375,189.375,57.722,368,31.468,805.838,0,28.741,42.821,13.907,28.524,7.716,136.030,168.219,113.192,135.576,14.796
Track_369,369,101,0,0,0,0,0,12.500,187.500,200.000,379.359,369,190.517,767.063,0,30.366,64.342,21.915,29.759,5.041,226.164,321.356,174.903,225.786,20.963
Track_385,385,28,2,2,0,0,0,3.750,190.875,194.625,135.273,385,338.256,754.174,0,36.608,42.818,26.423,37.044,3.525,147.753,175.125,111.817,150.574,16.792
Track_398,398,17,0,0,0,0,0,2.000,194.375,196.375,57.887,398,1078.224,669.701,0,28.976,34.661,26.330,28.154,2.680,133.748,161.617,111.427,131.731,16.146
Track_400,400,17,0,0,0,0,0,2.000,194.625,196.625,53.715,400,233.216,809.474,0,26.950,34.001,21.077,26.754,2.937,135.671,161.201,112.985,138.691,13.283
Track_410,410,26,0,0,0,0,0,3.125,196.875,200.000,163.035,410,939.328,751.680,0,52.215,66.956,34.398,53.343,9.792,177.160,216.795,139.004,177.130,21.880
Track_412,412,17,1,1,0,0,0,2.125,198,200.125,81.936,412,578.207,759.644,0,38.565,64.574,30.883,37.478,7.669,158.895,203.940,128.617,152.992,21.045
Track_416,416,34,1,1,0,0,0,4.250,200.250,204.500,233.156,416,1148.269,745.882,0,55.233,101.733,30.786,54.401,13.200,147.218,213.569,110.086,142.991,27.670
Track_417,417,22,0,0,0,0,0,2.625,200.250,202.875,141.750,417,1102.034,755.405,0,54.075,66.307,43.411,53.208,5.794,177.471,204.478,149.310,179.888,13.055
Track_419,419,23,0,0,0,0,0,2.750,200.500,203.250,64.188,419,1257.716,672.885,0,23.644,36.830,13.528,24.170,4.749,128.642,147.141,111.919,126.377,10.338
Track_421,421,34,0,0,0,0,0,4.125,200.375,204.500,147.959,421,470.876,773.991,0,35.928,56.493,28.751,35.016,5.570,198.372,258.052,149.410,197.422,29.149
Track_424,424,33,3,2,0,0,0,4.625,202,206.625,133.323,424,733.376,420.600,0,29.001,45.657,23.592,27.300,5.058,137.722,159.245,112.547,139.576,11.952
Track_426,426,15,0,0,0,0,0,1.750,202.875,204.625,88.965,426,196.348,1011.015,0,50.843,71.832,37.928,50.343,7.966,141.393,164.264,115.126,147.183,16.693
Track_427,427,20,0,0,0,0,0,2.375,203.250,205.625,143.684,427,1260.218,758.481,0,60.732,83.635,35.330,59.721,11.587,177.310,216.490,140.923,178.376,19.552
Track_428,428,180,54,15,0,0,0,53.375,202.250,255.625,0.950,428,487.868,871.373,0,0.138,1.265,9.665E-4,0.115,0.148,180.734,185.967,178.918,180.779,0.751
Track_434,434,39,1,1,0,0,0,4.875,204.875,209.750,190.898,434,659.190,777.575,0,38.907,62.056,30.991,36.423,6.933,203.429,235.564,168.787,203.779,15.260
Track_441,441,225,2,1,0,0,0,28.250,205.625,233.875,1060.684,441,524.134,992.607,0,37.642,71.500,18.198,37.847,7.638,168.445,341.359,118.576,167.519,20.017
Track_445,445,102,1,2,0,0,0,12.875,207.250,220.125,351.336,445,1004.086,425.229,0,27.192,45.451,17.555,26.835,4.599,165.470,196.983,114.036,170.807,22.905
Track_447,447,70,1,1,0,0,0,8.750,208.250,217.000,421.275,447,649.677,1017.465,0,48.154,81.615,31.022,45.742,9.465,168.971,222.241,114.327,171.191,20.587
Track_457,457,45,1,1,0,0,0,5.625,210.250,215.875,191.919,457,889.221,780.226,0,34.423,50.530,4.768,37.282,12.074,179.220,218.407,118.101,179.776,16.902
Track_462,462,20,0,0,0,0,0,2.375,213.250,215.625,98.056,462,54.909,778.870,0,41.306,68.480,27.905,38.549,10.989,153.828,204.236,122.128,154.159,22.784
Track_463,463,19,2,2,0,0,0,2.625,214.125,216.750,79.557,463,1269.742,766.169,0,31.031,46.773,16.605,34.295,10.078,167.877,256.662,130.529,155.424,34.275
Track_465,465,20,0,0,0,0,0,2.375,214.375,216.750,105.663,465,57.302,506.491,0,44.515,66.873,33.378,45.619,8.149,200.404,277.937,170.433,192.339,24.628
Track_469,469,17,3,2,0,0,0,2.625,216.375,219.000,89.882,469,85.486,914.720,0,35.032,45.747,28.661,33.194,4.764,124.948,144.798,111.590,120.064,10.324
Track_470,470,47,2,1,0,0,0,6.000,216.375,222.375,241.750,470,239.568,781.513,0,40.190,63.257,29.165,39.358,7.151,149.765,219.434,112.589,145.193,22.542
Track_472,472,53,0,0,0,0,0,6.500,217,223.500,230.950,472,239.916,514.867,0,35.643,56.330,13.041,37.178,9.712,185.895,209.804,146.742,190.494,15.676
Track_473,473,17,0,0,0,0,0,2.000,217.125,219.125,134.030,473,1120.065,779.054,0,67.051,84.121,56.734,66.710,6.194,184.303,205.952,156.809,187.411,14.889
Track_474,474,82,0,0,0,0,0,10.125,217.250,227.375,458.371,474,1107.387,1023.868,0,45.711,79.993,17.572,45.199,11.129,200.062,360.236,110.513,202.097,32.600
Track_479,479,115,0,0,0,0,0,14.250,219.625,233.875,600.323,479,309.986,1034.950,0,42.144,66.082,26.112,41.729,7.722,232.028,272.288,180.016,232.542,18.358
Track_480,480,38,0,0,0,0,0,4.625,220.500,225.125,140.980,480,1257.438,429.731,0,30.498,62.030,22.784,29.358,6.482,173.705,205.939,112.849,179.045,21.380
Track_487,487,100,0,0,0,0,0,12.375,221.500,233.875,607.512,487,449.061,989.550,0,49.150,83.769,29.577,45.398,12.758,302.352,347.414,140.462,307.327,27.613
Track_491,491,17,0,0,0,0,0,2.000,222.750,224.750,87.580,491,423.829,786.081,0,43.820,59.692,34.917,44.040,6.330,144.675,174.066,110.198,142.519,18.749
Track_495,495,74,1,1,0,0,0,9.250,224.625,233.875,462.641,495,441.288,754.931,0,50.101,82.303,34.619,49.064,8.033,168.677,224.462,125.155,167.081,21.424
Track_496,496,14,1,1,0,0,0,1.750,224.875,226.625,68.746,496,462.964,521.879,0,39.070,51.165,28.540,36.968,7.782,181.256,190.586,168.672,182.689,6.295
Track_498,498,20,3,2,0,0,0,2.875,226,228.875,108.079,498,571.889,789.097,0,39.241,52.010,25.256,39.908,8.443,137.576,180.958,110.122,144.156,21.238
Track_504,504,49,0,0,0,0,0,6.000,227.875,233.875,335.004,504,165.868,347.067,0,55.895,118.558,43.106,53.339,12.247,210.964,320.462,117.376,216.758,39.230
Track_505,505,58,0,0,0,0,0,7.125,227.250,234.375,221.429,505,104.879,563.494,0,34.484,81.841,8.326,33.309,13.194,177.743,353.724,120.796,177.600,28.600
Track_508,508,22,0,0,0,0,0,2.625,229.375,232.000,109.000,508,695.582,789.018,0,41.567,60.260,33.225,41.754,6.467,147.878,188.588,110.090,148.168,21.759
Track_509,509,24,1,1,0,0,0,3.000,228.250,231.250,111.453,509,52.294,826.015,0,36.869,61.773,29.713,35.050,6.917,207.646,273.987,168.146,198.903,31.616
Track_513,513,14,1,1,0,0,0,1.750,231.625,233.375,62.670,513,156.491,827.239,0,35.909,39.718,32.677,36.120,1.699,179.053,210.828,146.111,179.624,19.195
Track_515,515,17,0,0,0,0,0,2.000,231.625,233.625,88.655,515,44.192,469.823,0,44.361,48.678,41.755,44.234,1.956,147.861,165.226,130.684,147.655,10.014
Track_519,519,194,3,13,0,0,0,26.500,234,260.500,1.542,519,770.362,957.780,0,0.823,37.411,0.019,0.220,3.474,115.578,143.449,110.627,115.351,3.153
Track_524,524,368,0,0,0,0,0,45.875,235.125,281.000,1330.844,524,679.279,594.887,0,29.075,64.895,5.200,27.692,6.191,253.620,334.283,171.749,249.907,29.277
Track_525,525,296,1,1,0,0,0,37.000,234.625,271.625,1080.962,525,808.392,572.574,0,29.217,48.523,18.617,28.062,5.807,160.810,262.794,112.580,158.465,23.999
Track_526,526,523,0,0,0,0,0,65.250,234.625,299.875,1082.552,526,974.218,933.978,0,16.813,62.844,0.010,0.398,18.725,199.626,288.143,136.264,180.161,27.448
Track_527,527,19,2,1,0,0,0,2.500,234.875,237.375,123.557,527,808.814,760.229,0,49.957,64.028,33.880,49.669,8.378,159.123,194.082,121.894,158.937,20.218
Track_528,528,126,0,0,0,0,0,15.625,234.625,250.250,556.893,528,1073.000,995.433,0,35.894,55.987,5.200,34.618,7.762,271.824,321.645,136.235,274.434,27.514
Track_529,529,33,1,1,0,0,0,4.125,236.375,240.500,139.775,529,1014.912,794.941,0,34.454,42.679,20.462,34.536,5.085,144.417,178.076,116.134,139.228,17.097
Track_530,530,30,0,0,0,0,0,3.625,234.875,238.500,172.592,530,1202.524,993.893,0,47.638,65.578,38.559,45.982,6.142,161.817,192.212,141.544,165.031,12.611
Track_531,531,323,0,0,0,0,0,40.250,235,275.250,1330.607,531,714.759,1035.066,0,33.202,73.378,5.200,31.252,8.441,483.864,618.299,285.482,489.075,43.773
Track_532,532,40,1,1,0,0,0,5.000,235.625,240.625,186.400,532,384.151,831.081,0,37.409,52.321,31.747,36.329,4.889,169.036,198.863,124.979,167.497,15.440
Track_533,533,519,1,5,0,0,0,65.375,234.500,299.875,656.962,533,1215.885,1046.002,0,10.590,55.948,0.017,0.385,15.721,176.265,260.297,112.502,156.599,31.582
Track_536,536,187,1,1,0,0,0,23.375,234.625,258.000,939.682,536,897.948,361.524,0,40.257,77.872,11.556,36.931,11.219,223.098,302.034,140.349,223.793,35.606
Track_556,556,16,1,1,0,0,0,2.000,241.750,243.750,67.380,556,1165.987,794.754,0,33.681,42.588,25.053,34.465,4.931,119.923,128.042,112.459,121.889,5.242
Track_557,557,151,0,0,0,0,0,18.750,241.625,260.375,487.844,557,764.838,838.303,0,26.088,45.453,16.459,25.998,4.529,174.643,235.392,121.621,173.754,18.867
Track_558,558,172,1,1,0,0,0,21.500,241.500,263.000,570.650,558,288.778,457.891,0,26.576,49.778,16.727,25.974,4.844,157.773,200.335,116.432,157.711,18.256
Track_559,559,15,1,2,0,0,0,2.000,242.125,244.125,46.753,559,449.833,858.282,0,22.022,33.809,14.056,22.297,6.365,159.873,219.220,111.317,154.666,31.514
Track_560,560,23,1,1,0,0,0,2.875,242.125,245.000,121.435,560,684.060,483.214,0,42.037,51.276,35.760,42.099,4.303,147.417,162.128,126.196,147.082,9.968
Track_561,561,16,2,2,0,0,0,2.250,242.375,244.625,73.494,561,1139.567,765.817,0,32.463,37.601,29.218,31.498,2.647,163.996,210.426,137.897,155.528,20.933
Track_564,564,18,1,1,0,0,0,2.250,238.125,240.375,102.096,564,956.222,761.506,0,45.823,51.972,34.111,47.484,4.545,159.178,182.779,140.285,157.557,11.373
Track_568,568,33,0,0,0,0,0,4.000,243.375,247.375,129.936,568,67.053,343.001,0,32.820,41.790,27.305,32.809,3.342,170.939,266.232,136.648,163.204,24.848
Track_573,573,37,2,1,0,0,0,4.750,245.625,250.375,208.446,573,104.414,942.570,0,43.737,59.325,31.828,43.995,5.734,251.262,313.453,218.495,251.519,25.434
Track_574,574,31,0,0,0,0,0,3.750,244.375,248.125,114.032,574,1272.357,797.154,0,30.533,63.958,24.378,29.748,6.955,140.199,201.633,112.745,126.176,26.686
Track_575,575,76,0,0,0,0,0,9.375,244.375,253.750,244.179,575,122.361,790.370,0,26.146,46.842,15.108,25.690,5.519,201.254,362.919,120.716,202.061,40.638
Track_576,576,193,0,0,0,0,0,24.000,244.625,268.625,831.087,576,419.102,357.609,0,35.034,71.719,18.367,34.241,7.459,195.417,309.813,146.299,196.202,27.663
Track_577,577,21,1,2,0,0,0,2.750,244.875,247.625,57.443,577,519.092,861.278,0,20.438,46.670,12.516,18.301,7.946,162.168,197.999,112.225,162.067,27.819
Track_578,578,20,1,1,0,0,0,2.500,245.750,248.250,91.266,578,815.879,485.754,0,36.540,47.605,27.550,36.271,5.570,128.133,147.159,110.888,127.537,9.372
Track_584,584,296,0,0,0,0,0,36.875,247.125,284.000,1230.560,584,606.169,608.673,0,33.439,67.903,5.200,32.497,7.458,214.990,306.283,119.093,211.022,38.061
Track_585,585,21,1,1,0,0,0,2.625,247.125,249.750,78.547,585,1288.487,764.337,0,30.563,44.750,14.964,32.384,8.223,204.551,298.957,143.757,195.679,41.856
Track_588,588,409,0,0,0,0,0,51.000,248.875,299.875,414.219,588,347.718,823.196,0,8.464,56.123,0.000,0.239,12.510,353.964,714.491,222.206,351.503,64.604
Track_589,589,84,0,0,0,0,0,10.375,247.875,258.250,331.724,589,322.871,347.481,0,32.373,55.643,16.005,32.042,7.634,174.145,208.297,126.690,173.227,17.192
Track_591,591,50,1,1,0,0,0,6.250,248,254.250,212.072,591,105.292,951.267,0,33.902,59.460,20.665,33.065,7.446,149.929,218.038,117.880,144.578,28.080
Track_592,592,37,0,0,0,0,0,4.500,247.625,252.125,140.081,592,74.819,1002.679,0,31.156,62.468,22.947,29.982,7.753,169.954,229.704,124.055,171.858,21.552
Track_596,596,352,0,0,0,0,0,43.875,252.750,296.625,1330.591,596,660.245,323.647,0,30.400,62.569,15.600,29.130,6.156,190.784,333.389,132.009,193.707,19.988
Track_598,598,392,1,1,0,0,0,49.000,250.875,299.875,139.292,598,1087.860,492.723,0,3.087,42.750,0.017,0.280,8.774,134.632,188.381,121.712,133.670,6.203
Track_599,599,394,0,0,0,0,0,49.125,250.750,299.875,42.473,599,273.021,944.082,0,1.118,50.366,0.012,0.189,5.005,246.354,296.291,214.823,246.173,6.139
Track_600,600,143,0,0,0,0,0,17.750,252.750,270.500,541.227,600,439.503,1007.155,0,30.518,49.527,19.308,29.746,6.485,179.409,229.628,110.431,182.834,23.438
Track_604,604,374,0,0,0,0,0,46.625,253.250,299.875,1178.554,604,599.702,1020.890,0,25.349,63.419,0.007,25.960,7.728,279.605,465.965,183.507,279.293,41.526
Track_609,609,25,1,3,0,0,0,3.375,254.125,257.500,50.467,609,760.480,865.332,0,14.560,27.792,2.914,16.731,8.830,140.385,174.106,113.609,138.668,16.364
Track_610,610,217,0,0,0,0,0,27.000,254.625,281.625,891.211,610,676.835,963.057,0,33.232,62.387,20.073,32.305,6.293,162.257,220.969,113.708,164.175,19.958
Track_611,611,41,0,0,0,0,0,5.000,255.375,260.375,179.887,611,91.316,942.533,0,36.133,68.836,5.200,34.939,9.534,234.473,304.191,115.838,232.095,27.653
Track_612,612,32,0,0,0,0,0,3.875,254.375,258.250,100.172,612,53.011,513.837,0,26.269,50.355,14.349,25.770,7.402,181.477,224.322,121.326,187.079,22.887
Track_613,613,51,1,1,0,0,0,6.375,254.125,260.500,188.720,613,360.262,793.209,0,29.264,50.213,18.508,27.741,6.257,181.299,221.824,128.386,183.352,22.938
Track_614,614,24,1,1,0,0,0,3.000,254.500,257.500,98.244,614,48.511,818.039,0,32.060,48.923,21.826,31.164,7.184,275.691,330.884,241.565,275.143,19.024
Track_616,616,21,0,0,0,0,0,2.500,257.875,260.375,76.586,616,153.815,818.946,0,30.659,38.537,23.475,31.576,4.486,272.700,314.033,234.172,269.480,22.232
Track_619,619,119,0,0,0,0,0,14.750,259.125,273.875,539.669,619,762.617,348.216,0,36.660,71.051,20.421,36.155,8.675,151.934,205.960,114.070,147.294,20.785
Track_620,620,95,0,0,0,0,0,11.750,258.750,270.500,432.047,620,320.240,519.485,0,36.907,64.961,21.548,36.599,7.992,156.281,207.080,114.872,153.027,21.086
Track_621,621,327,0,0,0,0,0,40.750,259.125,299.875,1330.674,621,696.624,638.618,0,32.733,71.131,0.077,32.607,9.023,514.383,624.294,276.706,521.274,38.489
Track_622,622,15,0,0,0,0,0,1.750,258.750,260.500,120.797,622,70.238,670.087,0,69.052,87.787,46.431,70.441,11.827,190.743,228.073,158.580,189.875,20.040
Track_623,623,26,0,0,0,0,0,3.125,260.625,263.750,98.951,623,245.608,949.232,0,32.466,53.002,18.580,33.199,8.719,233.376,263.918,199.585,238.190,17.608
Track_631,631,21,0,0,0,0,0,2.500,261.375,263.875,154.496,631,294.911,671.530,0,61.844,84.189,45.388,60.172,12.992,193.809,230.001,122.898,194.709,23.066
Track_632,632,22,0,0,0,0,0,2.625,261.250,263.875,67.326,632,519.813,796.716,0,25.752,35.993,16.214,25.635,5.107,177.087,222.749,142.073,177.778,19.019
Track_633,633,80,0,0,0,0,0,9.875,262,271.875,399.213,633,204.434,822.521,0,40.544,67.637,8.807,40.817,10.219,254.265,342.729,178.197,261.139,28.982
Track_634,634,22,1,1,0,0,0,2.750,261,263.750,92.547,634,267.107,818.971,0,33.488,42.510,22.234,36.620,7.042,286.076,349.329,218.705,290.241,32.438
Track_640,640,25,0,0,0,0,0,3.000,264.250,267.250,179.328,640,497.714,675.581,0,59.806,79.501,49.495,59.517,9.261,194.053,226.433,157.299,193.840,15.906
Track_641,641,15,1,1,0,0,0,1.875,264.125,266.000,80.767,641,41.627,730.281,0,43.113,50.855,35.028,44.052,3.946,302.121,340.943,264.311,305.902,20.147
Track_642,642,51,0,0,0,0,0,6.250,264.250,270.500,285.872,642,193.021,776.482,0,45.819,66.624,34.770,44.420,7.321,174.820,217.794,134.032,178.295,15.566
Track_644,644,22,0,0,0,0,0,2.625,264.500,267.125,47.648,644,380.462,820.761,0,19.859,43.131,0.921,19.738,16.146,287.787,317.799,246.212,289.795,21.469
Track_646,646,50,1,2,0,0,0,6.375,263.750,270.125,165.627,646,672.616,464.827,0,26.017,33.605,20.817,25.856,3.275,135.760,182.519,110.029,133.273,16.430
Track_647,647,12,5,19,0,0,0,7.750,263.875,271.625,0.163,647,487.874,870.217,0,0.072,0.190,0.008,0.052,0.061,180.910,182.242,180.149,180.936,0.525
Track_652,652,237,0,0,0,0,0,29.500,265.500,295.000,1068.287,652,522.539,701.488,0,36.372,69.448,9.741,35.808,9.058,240.537,396.381,119.696,239.979,29.683
Track_653,653,142,39,13,0,0,0,31.125,264.750,295.875,0.269,653,314.225,845.087,0,0.323,16.776,0.003,0.096,1.553,233.287,287.952,230.545,232.504,5.157
Track_656,656,31,2,2,0,0,0,4.125,266.375,270.500,134.484,656,90.510,835.904,0,32.888,50.457,21.756,31.148,6.956,203.534,271.316,140.565,198.752,31.361
Track_658,658,22,1,1,0,0,0,2.750,267.750,270.500,121.824,658,577.736,954.617,0,44.273,52.285,38.238,43.813,4.093,218.182,233.843,200.147,217.636,8.330
Track_659,659,25,0,0,0,0,0,3.000,267.500,270.500,162.417,659,688.964,679.208,0,54.166,76.507,43.416,52.282,9.321,182.400,207.033,156.206,181.516,13.805
Track_660,660,21,1,1,0,0,0,2.625,266.500,269.125,116.012,660,159.961,731.736,0,44.051,58.423,34.610,43.586,5.865,305.941,335.429,282.184,301.521,13.969
Track_661,661,34,0,0,0,0,0,4.125,266.375,270.500,119.204,661,696.159,798.208,0,29.083,41.259,18.429,28.330,5.484,162.270,212.423,115.758,160.973,25.441
Track_664,664,254,0,0,0,0,0,31.625,268.250,299.875,247.954,664,45.578,876.781,0,8.017,60.089,0.000,0.219,12.592,172.827,272.597,136.977,165.116,20.795
Track_666,666,251,0,0,0,0,0,31.250,268.625,299.875,309.410,666,1099.500,370.609,0,10.259,65.778,0.012,0.216,16.878,194.990,236.373,156.272,194.782,9.425
Track_672,672,26,0,0,0,0,0,3.125,270.750,273.875,163.867,672,872.906,682.419,0,52.491,79.583,41.938,50.948,8.284,180.438,227.786,150.385,178.747,18.834
Track_674,674,134,0,0,0,0,0,16.625,270.750,287.375,504.406,674,612.957,780.186,0,30.412,47.128,17.032,29.853,6.894,160.003,219.065,120.650,154.729,20.845
Track_675,675,23,0,0,0,0,0,2.750,271.125,273.875,86.746,675,830.506,801.037,0,31.612,40.623,22.317,32.082,4.680,157.003,187.000,114.730,158.754,18.484
Track_676,676,21,1,1,0,0,0,2.625,269.250,271.875,73.428,676,1291.877,851.807,0,29.104,48.055,11.600,29.152,7.707,170.064,225.258,134.901,167.364,24.233
Track_678,678,80,3,2,0,0,0,10.500,270.750,281.250,312.600,678,869.091,1014.042,0,29.870,53.397,6.278,28.604,7.539,161.820,260.972,110.614,160.828,31.745
Track_679,679,167,0,0,0,0,0,20.750,270.750,291.500,558.871,679,1046.249,468.841,0,27.038,49.864,16.094,25.786,5.932,159.614,258.372,111.403,160.095,23.575
Track_680,680,79,0,0,0,0,0,9.750,270.750,280.500,328.302,680,730.132,527.003,0,33.691,53.125,23.710,32.061,5.967,165.966,185.599,132.741,165.691,10.768
Track_682,682,221,1,2,0,0,0,27.750,272.125,299.875,13.386,682,789.505,865.794,0,1.429,47.802,0.013,0.318,4.859,209.146,364.525,112.949,209.446,20.020
Track_683,683,51,1,1,0,0,0,6.375,270.875,277.250,287.975,683,795.143,956.621,0,45.230,67.573,6.839,48.898,14.424,217.891,258.770,131.207,217.190,20.771
Track_684,684,20,0,0,0,0,0,2.375,272.250,274.625,103.878,684,425.044,734.952,0,43.771,67.264,31.996,40.557,8.923,278.299,332.708,219.885,285.027,26.582
Track_685,685,160,0,0,0,0,0,19.875,272.250,292.125,907.426,685,934.537,834.909,0,45.798,108.188,24.443,42.104,14.743,245.782,381.750,195.657,241.064,33.317
Track_692,692,58,3,4,0,0,0,7.875,274.250,282.125,211.264,692,997.059,806.588,0,28.305,42.008,5.643,28.744,6.148,161.781,242.343,118.472,157.339,28.030
Track_693,693,17,2,1,0,0,0,2.250,274.250,276.500,100.766,693,918.294,824.844,0,44.429,55.516,37.891,43.514,5.310,249.498,315.840,214.689,245.102,23.668
Track_694,694,57,0,0,0,0,0,7.000,274.125,281.125,273.561,694,1187.855,355.767,0,39.107,73.488,28.540,37.504,8.991,168.627,220.716,121.101,167.480,20.308
Track_695,695,205,0,0,0,0,0,25.500,274.375,299.875,89.283,695,1065.377,688.262,0,3.998,50.622,0.029,0.486,11.092,165.716,222.346,138.346,162.706,10.319
Track_700,700,201,0,0,0,0,0,25.000,274.875,299.875,675.352,700,350.005,475.078,0,27.038,52.167,15.106,26.372,5.855,184.860,295.529,127.706,185.171,20.368
Track_701,701,17,1,1,0,0,0,2.125,275.125,277.250,78.635,701,543.100,738.135,0,37.021,42.905,32.041,37.256,3.217,280.270,322.368,253.977,270.286,21.870
Track_705,705,197,0,0,0,0,0,24.500,275.375,299.875,12.326,705,9.012,837.317,0,0.863,57.779,0.008,0.099,5.819,241.904,256.378,170.984,243.057,7.987
Track_706,706,35,0,0,0,0,0,4.250,276.375,280.625,153.593,706,112.872,847.427,0,36.366,51.650,22.180,36.040,7.063,236.411,316.503,157.623,242.568,40.702
Track_709,709,18,6,14,0,0,0,7.875,275.375,283.250,0.021,709,487.880,870.063,0,0.112,0.222,0.005,0.113,0.086,180.058,180.950,179.089,180.139,0.578
Track_711,711,24,0,0,0,0,0,2.875,277.750,280.625,134.796,711,1052.165,959.034,0,46.899,53.515,41.801,45.650,3.681,196.314,211.093,180.329,198.357,8.159
Track_713,713,17,0,0,0,0,0,2.000,277.500,279.500,76.007,713,96.148,1004.542,0,38.012,46.778,28.646,38.274,5.846,208.402,229.119,182.984,210.398,12.890
Track_714,714,18,0,0,0,0,0,2.125,278.500,280.625,90.841,714,697.525,739.137,0,42.754,49.713,35.576,43.274,4.374,309.133,333.899,273.114,309.911,12.878
Track_717,717,15,3,1,0,0,0,2.125,278.375,280.500,80.046,717,511.381,845.862,0,37.333,52.006,27.827,36.419,6.223,179.114,214.398,146.525,176.292,19.358
Track_718,718,165,0,0,0,0,0,20.500,279.375,299.875,507.772,718,262.914,413.541,0,24.824,42.450,5.200,24.235,5.171,216.293,347.424,121.237,215.246,22.770
Track_720,720,16,1,2,0,0,0,2.125,279.125,281.250,69.319,720,98.466,956.292,0,33.014,59.136,21.912,29.333,12.276,132.645,159.385,111.056,133.373,13.418
Track_721,721,21,0,0,0,0,0,2.500,281.375,283.875,104.211,721,1219.938,962.822,0,41.726,50.379,31.201,42.310,6.862,200.347,216.149,192.076,199.254,5.759
Track_722,722,141,2,3,0,0,0,18.125,281.750,299.875,561.353,722,450.017,963.969,0,31.184,52.346,21.447,30.413,5.775,136.558,175.100,110.640,136.617,14.288
Track_723,723,16,1,2,0,0,0,2.125,282,284.125,70.187,723,1164.423,973.785,0,33.730,55.395,27.368,33.703,6.795,130.537,161.834,114.678,127.378,12.088
Track_724,724,25,0,0,0,0,0,3.000,281,284.000,124.851,724,265.167,1007.053,0,41.626,49.503,32.587,42.768,5.151,203.445,229.565,168.836,206.494,15.967
Track_725,725,158,0,0,0,0,0,19.625,280.250,299.875,513.441,725,270.351,997.656,0,26.182,61.397,0.000,25.281,6.398,253.303,440.773,212.019,251.734,23.115
Track_726,726,20,1,2,0,0,0,2.625,281.750,284.375,74.491,726,1081.667,1018.782,0,29.267,39.613,20.143,29.123,6.376,138.481,164.515,115.718,139.707,13.194
Track_727,727,52,0,0,0,0,0,6.375,280.875,287.250,171.230,727,982.493,526.375,0,27.923,54.488,2.750,30.827,13.862,169.916,201.217,133.706,177.211,22.055
Track_729,729,25,0,0,0,0,0,3.000,280.875,283.875,112.756,729,265.606,847.063,0,38.103,55.676,19.529,39.560,10.191,232.908,327.309,152.735,230.708,45.380
Track_730,730,14,1,1,0,0,0,1.750,282.125,283.875,65.304,730,659.378,848.066,0,37.052,44.427,30.325,37.261,4.366,175.260,205.758,154.797,177.418,15.347
Track_734,734,135,3,1,0,0,0,17.125,282.750,299.875,540.106,734,275.747,449.748,0,31.450,52.180,16.872,30.192,6.082,218.524,290.582,149.121,220.070,19.394
Track_735,735,41,1,1,0,0,0,5.125,282.500,287.625,157.668,735,1194.578,809.019,0,30.594,48.879,21.428,28.014,8.693,152.695,183.322,112.646,157.613,18.049
Track_740,740,22,0,0,0,0,0,2.625,284.250,286.875,86.405,740,1290.637,621.366,0,32.931,46.715,19.734,28.846,9.011,174.727,201.630,145.545,175.490,15.786
Track_743,743,15,0,0,0,0,0,1.750,285.250,287.000,31.555,743,759.428,844.870,0,19.117,63.174,3.996,15.352,18.367,192.154,215.698,132.718,199.425,22.926
Track_744,744,63,1,1,0,0,0,7.875,284.125,292.000,262.346,744,463.363,852.713,0,33.392,50.074,21.338,32.126,7.101,210.562,279.427,135.086,206.522,31.393
Track_745,745,21,0,0,0,0,0,2.500,284.625,287.125,75.472,745,1264.597,974.670,0,30.197,43.345,22.751,29.769,6.082,147.887,176.056,127.484,145.324,14.237
Track_746,746,20,1,3,0,0,0,2.750,284.750,287.500,74.943,746,1168.290,1016.881,0,28.216,45.476,19.598,27.304,7.053,132.056,148.145,111.267,135.317,10.199
Track_747,747,100,0,0,0,0,0,12.375,284.625,297.000,493.228,747,612.564,1012.786,0,39.871,71.100,21.198,39.220,8.009,215.736,251.192,181.336,215.119,14.297
Track_751,751,108,0,0,0,0,0,13.375,286.500,299.875,473.225,751,238.334,733.918,0,35.516,69.657,0.182,37.018,10.852,210.837,297.725,130.453,213.616,29.340
Track_755,755,29,0,0,0,0,0,3.500,287,290.500,122.058,755,65.768,667.563,0,34.906,60.472,22.013,33.868,9.037,151.975,212.771,113.908,147.402,24.804
Track_756,756,104,0,0,0,0,0,12.875,287,299.875,136.819,756,113.830,721.742,0,10.846,43.758,0.032,0.457,15.406,175.344,250.776,148.529,175.972,25.669
Track_758,758,21,6,19,0,0,0,10.375,286,296.375,0.362,758,487.833,870.042,0,0.268,1.535,0.004,0.184,0.395,180.109,181.248,178.687,180.312,0.747
Track_762,762,94,2,3,0,0,0,12.250,287.625,299.875,359.377,762,1039.921,788.073,0,30.048,48.528,19.552,29.502,5.590,166.805,204.786,113.765,166.811,17.984
Track_763,763,92,3,2,0,0,0,11.875,288,299.875,415.889,763,282.060,791.929,0,35.722,116.569,15.665,34.515,12.892,138.190,213.075,110.495,135.178,18.432
Track_768,768,16,0,0,0,0,0,1.875,289.875,291.750,7.605,768,1281.593,1020.030,0,4.413,15.509,0.247,2.264,4.796,138.876,156.375,119.233,140.432,11.154
Track_770,770,39,0,0,0,0,0,4.750,290.625,295.375,193.148,770,101.733,661.032,0,40.824,93.478,5.200,40.688,12.123,213.324,246.220,125.863,216.162,21.301
Track_771,771,37,1,2,0,0,0,4.750,291,295.750,148.618,771,211.986,668.629,0,31.496,41.949,25.491,31.053,4.367,144.562,184.403,110.235,146.787,18.366
Track_776,776,60,0,0,0,0,0,7.375,292.500,299.875,187.074,776,719.847,858.108,0,25.689,47.892,2.842,26.164,9.994,215.808,310.487,143.081,218.104,28.442
Track_779,779,15,0,0,0,0,0,1.750,292.500,294.250,72.701,779,38.885,788.769,0,41.573,57.687,29.610,42.099,7.470,252.750,298.555,211.915,256.753,26.242
Track_781,781,54,2,2,0,0,0,7.000,292.875,299.875,187.280,781,111.654,946.615,0,26.374,36.961,19.398,26.134,3.649,182.463,262.769,139.172,179.765,27.657
Track_784,784,40,2,1,0,0,0,5.125,294.750,299.875,193.151,784,191.848,791.246,0,37.581,49.332,27.868,36.582,4.928,246.397,359.422,192.224,228.768,42.170
Track_785,785,48,0,0,0,0,0,5.875,294,299.875,235.550,785,292.552,886.585,0,40.234,70.586,24.033,38.244,11.519,214.792,321.193,135.617,210.565,43.117
Track_788,788,36,0,0,0,0,0,4.375,295.500,299.875,119.998,788,1148.947,713.726,0,27.450,36.795,20.673,27.116,3.769,216.229,270.494,125.364,228.468,37.996
Track_789,789,14,1,1,0,0,0,1.750,295.500,297.250,52.799,789,1297.427,855.301,0,30.477,41.669,18.778,28.398,7.210,186.594,235.858,144.290,189.016,26.708
Track_790,790,34,0,0,0,0,0,4.125,295.750,299.875,206.646,790,112.963,398.861,0,50.185,74.733,41.408,47.828,7.257,211.169,235.657,136.334,213.171,21.857
Track_791,791,32,2,1,0,0,0,4.125,295.750,299.875,139.678,791,276.627,661.516,0,33.684,41.281,23.416,33.687,5.500,226.059,282.146,133.445,224.841,30.845
Track_795,795,19,0,0,0,0,0,2.250,297.625,299.875,65.163,795,906.755,1017.201,0,28.989,42.645,21.826,27.413,5.374,226.272,326.768,199.561,214.793,33.441
